{"cameraMode":{"drawMode":0,"name":"Shaded","section":"Shading Mode"},"sceneLighting":true,"audioPlay":false,"sceneViewState":{"showFog":true,"showMaterialUpdate":false,"showSkybox":true,"showFlares":true,"showImageEffects":true,"showParticleSystems":true},"in2DMode":false,"pivot":{"x":32.962650299072269,"y":0.7301356196403503,"z":-17.879743576049806},"rotation":{"x":-0.000020413810489117168,"y":0.9999327063560486,"z":-0.0021123262122273447,"w":-0.01141100563108921},"size":2.2133660316467287,"orthographic":true}