{"cameraMode":{"drawMode":0,"name":"Shaded","section":"Shading Mode"},"sceneLighting":true,"audioPlay":false,"sceneViewState":{"showFog":true,"showMaterialUpdate":false,"showSkybox":true,"showFlares":true,"showImageEffects":true,"showParticleSystems":true},"in2DMode":false,"pivot":{"x":27.82503890991211,"y":-16.75676727294922,"z":-23.038719177246095},"rotation":{"x":0.01803189143538475,"y":0.9802626967430115,"z":-0.10688919574022293,"w":0.16533194482326508},"size":37.95344161987305,"orthographic":true}