{"cameraMode":{"drawMode":0,"name":"Shaded","section":"Shading Mode"},"sceneLighting":true,"audioPlay":false,"sceneViewState":{"showFog":true,"showMaterialUpdate":false,"showSkybox":true,"showFlares":true,"showImageEffects":true,"showParticleSystems":true},"in2DMode":false,"pivot":{"x":32.4900016784668,"y":1.0800000429153443,"z":-43.560001373291019},"rotation":{"x":0.3483317494392395,"y":0.01013140194118023,"z":-0.0037590181455016138,"w":0.9373090863227844},"size":25.06974983215332,"orthographic":true}