{"cameraMode":{"drawMode":0,"name":"Shaded","section":"Shading Mode"},"sceneLighting":true,"audioPlay":false,"sceneViewState":{"showFog":true,"showMaterialUpdate":false,"showSkybox":true,"showFlares":true,"showImageEffects":true,"showParticleSystems":true},"in2DMode":false,"pivot":{"x":15.65999984741211,"y":2.619999885559082,"z":-27.299999237060548},"rotation":{"x":0.03735143691301346,"y":0.9156258702278137,"z":-0.08762456476688385,"w":0.390584260225296},"size":4.041658401489258,"orthographic":true}