{"cameraMode":{"drawMode":0,"name":"Shaded","section":"Shading Mode"},"sceneLighting":false,"audioPlay":false,"sceneViewState":{"showFog":true,"showMaterialUpdate":false,"showSkybox":true,"showFlares":true,"showImageEffects":true,"showParticleSystems":true},"in2DMode":false,"pivot":{"x":37.29499816894531,"y":1.2109999656677247,"z":-41.16999816894531},"rotation":{"x":-0.024499237537384034,"y":-0.9748399257659912,"z":0.1737675964832306,"w":-0.13744723796844483},"size":4.041658401489258,"orthographic":false}