{"cameraMode":{"drawMode":0,"name":"Shaded","section":"Shading Mode"},"sceneLighting":false,"audioPlay":false,"sceneViewState":{"showFog":true,"showMaterialUpdate":false,"showSkybox":true,"showFlares":true,"showImageEffects":true,"showParticleSystems":true},"in2DMode":false,"pivot":{"x":-5.605624198913574,"y":0.9854931831359863,"z":-7.470813274383545},"rotation":{"x":0.016076771542429925,"y":0.9744085669517517,"z":-0.21167448163032533,"w":0.07391497492790222},"size":3.5472638607025148,"orthographic":false}