{"cameraMode":{"drawMode":0,"name":"Shaded","section":"Shading Mode"},"sceneLighting":false,"audioPlay":false,"sceneViewState":{"showFog":true,"showMaterialUpdate":false,"showSkybox":true,"showFlares":true,"showImageEffects":true,"showParticleSystems":true},"in2DMode":false,"pivot":{"x":0.012194162234663964,"y":-0.12674745917320252,"z":-0.17089056968688966},"rotation":{"x":0.00408835057169199,"y":0.9580296874046326,"z":-0.2863166034221649,"w":0.01361256092786789},"size":0.6447571516036987,"orthographic":false}