{"cameraMode":{"drawMode":0,"name":"Shaded","section":"Shading Mode"},"sceneLighting":true,"audioPlay":false,"sceneViewState":{"showFog":true,"showMaterialUpdate":false,"showSkybox":true,"showFlares":true,"showImageEffects":true,"showParticleSystems":true},"in2DMode":false,"pivot":{"x":-9.365649223327637,"y":1.432086706161499,"z":-8.304821014404297},"rotation":{"x":-0.021859703585505487,"y":-0.6238915920257568,"z":0.017433980479836465,"w":-0.781010627746582},"size":2.2381680011749269,"orthographic":false}