{"cameraMode":{"drawMode":0,"name":"Shaded","section":"Shading Mode"},"sceneLighting":false,"audioPlay":false,"sceneViewState":{"showFog":true,"showMaterialUpdate":false,"showSkybox":true,"showFlares":true,"showImageEffects":true,"showParticleSystems":true},"in2DMode":false,"pivot":{"x":-29.56999969482422,"y":1.0700000524520875,"z":-7.078000068664551},"rotation":{"x":0.0005607260391116142,"y":-0.9979931116104126,"z":-0.00957765243947506,"w":-0.06259214878082276},"size":3.4472761154174806,"orthographic":false}