{"cameraMode":{"drawMode":0,"name":"Shaded","section":"Shading Mode"},"sceneLighting":false,"audioPlay":false,"sceneViewState":{"showFog":true,"showMaterialUpdate":false,"showSkybox":true,"showFlares":true,"showImageEffects":true,"showParticleSystems":true},"in2DMode":false,"pivot":{"x":-0.00009918212890625,"y":0.11511361598968506,"z":0.000030517578125},"rotation":{"x":-0.026766128838062288,"y":-0.9321677684783936,"z":0.3540928363800049,"w":-0.07046438008546829},"size":514.0047607421875,"orthographic":false}