{"cameraMode":{"drawMode":0,"name":"Shaded","section":"Shading Mode"},"sceneLighting":false,"audioPlay":false,"sceneViewState":{"showFog":true,"showMaterialUpdate":false,"showSkybox":true,"showFlares":true,"showImageEffects":true,"showParticleSystems":true},"in2DMode":false,"pivot":{"x":1.753800392150879,"y":5.93532133102417,"z":5.923043727874756},"rotation":{"x":-0.258901983499527,"y":-0.01018085889518261,"z":0.0027296249754726888,"w":-0.9658461213111877},"size":7.251967906951904,"orthographic":false}