{"cameraMode":{"drawMode":0,"name":"Shaded","section":"Shading Mode"},"sceneLighting":false,"audioPlay":false,"sceneViewState":{"showFog":true,"showMaterialUpdate":false,"showSkybox":true,"showFlares":true,"showImageEffects":true,"showParticleSystems":true},"in2DMode":false,"pivot":{"x":7.8625946044921879,"y":0.9462069272994995,"z":5.8697381019592289},"rotation":{"x":-0.03965502977371216,"y":0.7883509397506714,"z":0.05107723921537399,"w":0.6118180751800537},"size":2.8578836917877199,"orthographic":false}