{"cameraMode":{"drawMode":0,"name":"Shaded","section":"Shading Mode"},"sceneLighting":false,"audioPlay":false,"sceneViewState":{"showFog":true,"showMaterialUpdate":false,"showSkybox":true,"showFlares":true,"showImageEffects":true,"showParticleSystems":true},"in2DMode":false,"pivot":{"x":-0.7964888215065002,"y":1.0557279586791993,"z":4.238696575164795},"rotation":{"x":0.00043735807412303984,"y":0.9995508193969727,"z":-0.017418820410966874,"w":0.02438575215637684},"size":2.661349058151245,"orthographic":false}