{"cameraMode":{"drawMode":0,"name":"Shaded","section":"Shading Mode"},"sceneLighting":false,"audioPlay":false,"sceneViewState":{"showFog":true,"showMaterialUpdate":false,"showSkybox":true,"showFlares":true,"showImageEffects":true,"showParticleSystems":true},"in2DMode":false,"pivot":{"x":-0.02002248540520668,"y":-0.12126469612121582,"z":-0.687857449054718},"rotation":{"x":-0.00005102684735902585,"y":0.9960052371025086,"z":-0.08929171413183212,"w":-0.0007848668610677123},"size":0.9530296921730042,"orthographic":false}