{"cameraMode":{"drawMode":0,"name":"Shaded","section":"Shading Mode"},"sceneLighting":true,"audioPlay":false,"sceneViewState":{"showFog":true,"showMaterialUpdate":false,"showSkybox":true,"showFlares":true,"showImageEffects":true,"showParticleSystems":true},"in2DMode":false,"pivot":{"x":31.784910202026368,"y":1.226751685142517,"z":-15.39828872680664},"rotation":{"x":0.04317951947450638,"y":-0.029978057369589807,"z":0.0012950128875672818,"w":0.998616635799408},"size":10.0,"orthographic":false}