{"cameraMode":{"drawMode":0,"name":"Shaded","section":"Shading Mode"},"sceneLighting":false,"audioPlay":false,"sceneViewState":{"showFog":true,"showMaterialUpdate":false,"showSkybox":true,"showFlares":true,"showImageEffects":true,"showParticleSystems":true},"in2DMode":false,"pivot":{"x":5.949999809265137,"y":1.6791033744812012,"z":-1.5002435445785523},"rotation":{"x":-0.0009421791764907539,"y":-0.9867445826530457,"z":0.16218331456184388,"w":-0.005555297713726759},"size":1.4079487323760987,"orthographic":false}