{"cameraMode":{"drawMode":0,"name":"Shaded","section":"Shading Mode"},"sceneLighting":false,"audioPlay":false,"sceneViewState":{"showFog":true,"showMaterialUpdate":false,"showSkybox":true,"showFlares":true,"showImageEffects":true,"showParticleSystems":true},"in2DMode":false,"pivot":{"x":0.21954390406608582,"y":-0.046276211738586429,"z":0.28825604915618899},"rotation":{"x":0.020784106105566026,"y":-0.9753208160400391,"z":0.10517408698797226,"w":0.19301766157150269},"size":1.2571673393249512,"orthographic":false}