{"cameraMode":{"drawMode":0,"name":"Shaded","section":"Shading Mode"},"sceneLighting":false,"audioPlay":false,"sceneViewState":{"showFog":true,"showMaterialUpdate":false,"showSkybox":true,"showFlares":true,"showImageEffects":true,"showParticleSystems":true},"in2DMode":false,"pivot":{"x":-0.26283586025238039,"y":8.638982772827149,"z":2.9830517768859865},"rotation":{"x":-0.0019309927010908723,"y":0.9958934783935547,"z":-0.08779290318489075,"w":-0.022020911797881128},"size":6.684343338012695,"orthographic":false}