{"cameraMode":{"drawMode":0,"name":"Shaded","section":"Shading Mode"},"sceneLighting":false,"audioPlay":false,"sceneViewState":{"showFog":true,"showMaterialUpdate":false,"showSkybox":true,"showFlares":true,"showImageEffects":true,"showParticleSystems":true},"in2DMode":false,"pivot":{"x":-0.039819538593292239,"y":0.017313668504357339,"z":-0.3290584683418274},"rotation":{"x":-0.0003149106341879815,"y":0.9995061159133911,"z":-0.011406163685023785,"w":-0.029280809685587884},"size":0.6447571516036987,"orthographic":false}