{"cameraMode":{"drawMode":0,"name":"Shaded","section":"Shading Mode"},"sceneLighting":false,"audioPlay":false,"sceneViewState":{"showFog":true,"showMaterialUpdate":false,"showSkybox":true,"showFlares":true,"showImageEffects":true,"showParticleSystems":true},"in2DMode":false,"pivot":{"x":0.028319675475358964,"y":0.0183107927441597,"z":-0.8851568102836609},"rotation":{"x":0.00010538414062466472,"y":-0.999594509601593,"z":0.028286950662732126,"w":0.0032925016712397339},"size":1.2843531370162964,"orthographic":false}