{"cameraMode":{"drawMode":0,"name":"Shaded","section":"Shading Mode"},"sceneLighting":false,"audioPlay":false,"sceneViewState":{"showFog":true,"showMaterialUpdate":false,"showSkybox":true,"showFlares":true,"showImageEffects":true,"showParticleSystems":true},"in2DMode":false,"pivot":{"x":-0.02002248540520668,"y":-0.12126469612121582,"z":-0.687857449054718},"rotation":{"x":-0.0014270951505750418,"y":0.9947607517242432,"z":-0.10122701525688172,"w":-0.014214354567229748},"size":0.9530296921730042,"orthographic":false}