{"cameraMode":{"drawMode":0,"name":"Shaded","section":"Shading Mode"},"sceneLighting":false,"audioPlay":false,"sceneViewState":{"showFog":true,"showMaterialUpdate":false,"showSkybox":true,"showFlares":true,"showImageEffects":true,"showParticleSystems":true},"in2DMode":false,"pivot":{"x":0.06163177639245987,"y":0.07175087928771973,"z":0.4210900366306305},"rotation":{"x":0.0012411148054525257,"y":-0.9980076551437378,"z":0.05936361476778984,"w":0.021335186436772348},"size":0.11677756905555725,"orthographic":false}