{"cameraMode":{"drawMode":0,"name":"Shaded","section":"Shading Mode"},"sceneLighting":true,"audioPlay":false,"sceneViewState":{"showFog":true,"showMaterialUpdate":false,"showSkybox":true,"showFlares":true,"showImageEffects":true,"showParticleSystems":true},"in2DMode":false,"pivot":{"x":-50.927520751953128,"y":4.662138938903809,"z":-41.177345275878909},"rotation":{"x":-0.009862542152404786,"y":-0.03205496445298195,"z":-0.00032628802000544965,"w":0.9994373917579651},"size":1.284355640411377,"orthographic":false}