{"cameraMode":{"drawMode":0,"name":"Shaded","section":"Shading Mode"},"sceneLighting":true,"audioPlay":false,"sceneViewState":{"showFog":true,"showMaterialUpdate":false,"showSkybox":true,"showFlares":true,"showImageEffects":true,"showParticleSystems":true},"in2DMode":false,"pivot":{"x":15.899091720581055,"y":36.072906494140628,"z":57.54409408569336},"rotation":{"x":-0.20846980810165406,"y":0.510343074798584,"z":0.1290571540594101,"w":0.8242781758308411},"size":28.138853073120118,"orthographic":false}