{"cameraMode":{"drawMode":0,"name":"Shaded","section":"Shading Mode"},"sceneLighting":true,"audioPlay":false,"sceneViewState":{"showFog":true,"showMaterialUpdate":false,"showSkybox":true,"showFlares":true,"showImageEffects":true,"showParticleSystems":true},"in2DMode":false,"pivot":{"x":-8.501784324645996,"y":4.209252834320068,"z":8.149999618530274},"rotation":{"x":0.12731993198394776,"y":-0.04877167195081711,"z":0.006258393172174692,"w":0.9906421303749085},"size":3.828941583633423,"orthographic":false}