{"cameraMode":{"drawMode":0,"name":"Shaded","section":"Shading Mode"},"sceneLighting":false,"audioPlay":false,"sceneViewState":{"showFog":true,"showMaterialUpdate":false,"showSkybox":true,"showFlares":true,"showImageEffects":true,"showParticleSystems":true},"in2DMode":false,"pivot":{"x":37.29499816894531,"y":1.2109999656677247,"z":-41.16999816894531},"rotation":{"x":-0.05516350269317627,"y":-0.852474570274353,"z":0.09190959483385086,"w":-0.5116608142852783},"size":4.041658401489258,"orthographic":false}