{"cameraMode":{"drawMode":0,"name":"Shaded","section":"Shading Mode"},"sceneLighting":false,"audioPlay":false,"sceneViewState":{"showFog":true,"showMaterialUpdate":false,"showSkybox":true,"showFlares":true,"showImageEffects":true,"showParticleSystems":true},"in2DMode":false,"pivot":{"x":-5.869345188140869,"y":0.9955037832260132,"z":-10.728711128234864},"rotation":{"x":0.00027617308660410345,"y":0.979984700679779,"z":-0.19906841218471528,"w":0.0013161912793293596},"size":3.682903528213501,"orthographic":false}