{"cameraMode":{"drawMode":0,"name":"Shaded","section":"Shading Mode"},"sceneLighting":false,"audioPlay":false,"sceneViewState":{"showFog":true,"showMaterialUpdate":false,"showSkybox":true,"showFlares":true,"showImageEffects":true,"showParticleSystems":true},"in2DMode":false,"pivot":{"x":0.0799172967672348,"y":0.029942749068140985,"z":0.19433292746543885},"rotation":{"x":-0.001937305205501616,"y":-0.996025025844574,"z":0.0862823873758316,"w":-0.022040342912077905},"size":0.08400428295135498,"orthographic":false}