{"cameraMode":{"drawMode":0,"name":"Shaded","section":"Shading Mode"},"sceneLighting":false,"audioPlay":false,"sceneViewState":{"showFog":true,"showMaterialUpdate":false,"showSkybox":true,"showFlares":true,"showImageEffects":true,"showParticleSystems":true},"in2DMode":false,"pivot":{"x":-4.768956184387207,"y":-3.9986400604248049,"z":17.69713592529297},"rotation":{"x":-0.23991931974887849,"y":0.03132146596908569,"z":-0.007756128907203674,"w":-0.9702564477920532},"size":38.988319396972659,"orthographic":false}