{"cameraMode":{"drawMode":0,"name":"Shaded","section":"Shading Mode"},"sceneLighting":true,"audioPlay":false,"sceneViewState":{"showFog":true,"showMaterialUpdate":false,"showSkybox":true,"showFlares":true,"showImageEffects":true,"showParticleSystems":true},"in2DMode":false,"pivot":{"x":40.84062194824219,"y":2.8747966289520265,"z":-112.52808380126953},"rotation":{"x":0.0005607260391116142,"y":-0.9979931116104126,"z":-0.00957765243947506,"w":-0.06259214878082276},"size":69.78489685058594,"orthographic":false}