{"cameraMode":{"drawMode":0,"name":"Shaded","section":"Shading Mode"},"sceneLighting":false,"audioPlay":false,"sceneViewState":{"showFog":true,"showMaterialUpdate":false,"showSkybox":true,"showFlares":true,"showImageEffects":true,"showParticleSystems":true},"in2DMode":false,"pivot":{"x":0.5849605798721314,"y":2.3268985748291017,"z":-4.852212905883789},"rotation":{"x":0.006335359066724777,"y":0.9934431910514832,"z":0.06922660022974014,"w":-0.0907646119594574},"size":6.684343338012695,"orthographic":false}