{"cameraMode":{"drawMode":0,"name":"Shaded","section":"Shading Mode"},"sceneLighting":false,"audioPlay":false,"sceneViewState":{"showFog":true,"showMaterialUpdate":false,"showSkybox":true,"showFlares":true,"showImageEffects":true,"showParticleSystems":true},"in2DMode":false,"pivot":{"x":0.013268250972032547,"y":-0.3067866265773773,"z":-3.3598134517669679},"rotation":{"x":0.0004851708945352584,"y":0.9979476928710938,"z":-0.06362176686525345,"w":0.007245822809636593},"size":3.8334524631500246,"orthographic":false}