{"cameraMode":{"drawMode":0,"name":"Shaded","section":"Shading Mode"},"sceneLighting":true,"audioPlay":false,"sceneViewState":{"showFog":true,"showMaterialUpdate":false,"showSkybox":true,"showFlares":true,"showImageEffects":true,"showParticleSystems":true},"in2DMode":false,"pivot":{"x":-4.061326026916504,"y":1.6270196437835694,"z":1.6688820123672486},"rotation":{"x":0.10890581458806992,"y":-0.13589468598365785,"z":0.015053815208375454,"w":0.9846042990684509},"size":4.584353446960449,"orthographic":false}