{"cameraMode":{"drawMode":0,"name":"Shaded","section":"Shading Mode"},"sceneLighting":false,"audioPlay":false,"sceneViewState":{"showFog":true,"showMaterialUpdate":false,"showSkybox":true,"showFlares":true,"showImageEffects":true,"showParticleSystems":true},"in2DMode":false,"pivot":{"x":0.04881172627210617,"y":0.04408989101648331,"z":0.4894936978816986},"rotation":{"x":0.0003108454111497849,"y":-0.9996449947357178,"z":0.015910986810922624,"w":0.02137014828622341},"size":0.9571673274040222,"orthographic":false}