{"cameraMode":{"drawMode":0,"name":"Shaded","section":"Shading Mode"},"sceneLighting":true,"audioPlay":false,"sceneViewState":{"showFog":true,"showMaterialUpdate":false,"showSkybox":true,"showFlares":true,"showImageEffects":true,"showParticleSystems":true},"in2DMode":false,"pivot":{"x":30.378124237060548,"y":4.31789493560791,"z":-50.56566619873047},"rotation":{"x":0.002785614924505353,"y":-0.9962395429611206,"z":0.035005126148462298,"w":0.07920697331428528},"size":3.77702260017395,"orthographic":false}