{"cameraMode":{"drawMode":0,"name":"Shaded","section":"Shading Mode"},"sceneLighting":false,"audioPlay":false,"sceneViewState":{"showFog":true,"showMaterialUpdate":false,"showSkybox":true,"showFlares":true,"showImageEffects":true,"showParticleSystems":true},"in2DMode":false,"pivot":{"x":-29.56999969482422,"y":1.0700000524520875,"z":-7.078000068664551},"rotation":{"x":-0.016726847738027574,"y":0.9827641844749451,"z":-0.14492067694664002,"w":-0.11354676634073258},"size":3.4472761154174806,"orthographic":false}