{"cameraMode":{"drawMode":0,"name":"Shaded","section":"Shading Mode"},"sceneLighting":false,"audioPlay":false,"sceneViewState":{"showFog":true,"showMaterialUpdate":false,"showSkybox":true,"showFlares":true,"showImageEffects":true,"showParticleSystems":true},"in2DMode":false,"pivot":{"x":-5.868284702301025,"y":0.9132975935935974,"z":-10.717706680297852},"rotation":{"x":-0.003218935104086995,"y":0.9953548908233643,"z":-0.08923031389713288,"w":-0.036003779619932178},"size":22.0,"orthographic":false}