{"cameraMode":{"drawMode":0,"name":"Shaded","section":"Shading Mode"},"sceneLighting":false,"audioPlay":false,"sceneViewState":{"showFog":true,"showMaterialUpdate":false,"showSkybox":true,"showFlares":true,"showImageEffects":true,"showParticleSystems":true},"in2DMode":false,"pivot":{"x":-3.6230010986328127,"y":14.709251403808594,"z":-6.367000102996826},"rotation":{"x":-0.2567809224128723,"y":-0.32022640109062197,"z":0.09063664823770523,"w":-0.9073607921600342},"size":129.72891235351563,"orthographic":false}