{"cameraMode":{"drawMode":0,"name":"Shaded","section":"Shading Mode"},"sceneLighting":true,"audioPlay":false,"sceneViewState":{"showFog":true,"showMaterialUpdate":false,"showSkybox":true,"showFlares":true,"showImageEffects":true,"showParticleSystems":true},"in2DMode":false,"pivot":{"x":30.173460006713868,"y":7.472664833068848,"z":-50.508331298828128},"rotation":{"x":-0.014197693206369877,"y":0.9827961921691895,"z":-0.16306594014167787,"w":-0.08555453270673752},"size":5.531440258026123,"orthographic":false}