{"cameraMode":{"drawMode":0,"name":"Shaded","section":"Shading Mode"},"sceneLighting":false,"audioPlay":false,"sceneViewState":{"showFog":true,"showMaterialUpdate":false,"showSkybox":true,"showFlares":true,"showImageEffects":true,"showParticleSystems":true},"in2DMode":false,"pivot":{"x":-29.56999969482422,"y":1.0700000524520875,"z":-7.078000068664551},"rotation":{"x":0.07632502168416977,"y":-0.26270395517349245,"z":0.02084704488515854,"w":0.9616270661354065},"size":3.4472761154174806,"orthographic":false}