{"cameraMode":{"drawMode":0,"name":"Shaded","section":"Shading Mode"},"sceneLighting":false,"audioPlay":false,"sceneViewState":{"showFog":true,"showMaterialUpdate":false,"showSkybox":true,"showFlares":true,"showImageEffects":true,"showParticleSystems":true},"in2DMode":false,"pivot":{"x":-2.9100029468536379,"y":19.905597686767579,"z":-0.8646163940429688},"rotation":{"x":0.0022511223796755077,"y":-0.9971140623092651,"z":0.06831666827201843,"w":0.03303379938006401},"size":7.888174533843994,"orthographic":false}