{"cameraMode":{"drawMode":0,"name":"Shaded","section":"Shading Mode"},"sceneLighting":false,"audioPlay":false,"sceneViewState":{"showFog":true,"showMaterialUpdate":false,"showSkybox":true,"showFlares":true,"showImageEffects":true,"showParticleSystems":true},"in2DMode":false,"pivot":{"x":0.7735750079154968,"y":0.7247819304466248,"z":-0.44948112964630129},"rotation":{"x":-0.0006830000784248114,"y":0.9923151731491089,"z":-0.12360869348049164,"w":-0.005566041450947523},"size":6.684343338012695,"orthographic":false}