{"cameraMode":{"drawMode":0,"name":"Shaded","section":"Shading Mode"},"sceneLighting":false,"audioPlay":false,"sceneViewState":{"showFog":true,"showMaterialUpdate":false,"showSkybox":true,"showFlares":true,"showImageEffects":true,"showParticleSystems":true},"in2DMode":false,"pivot":{"x":0.8343228697776794,"y":3.8616397380828859,"z":2.786747932434082},"rotation":{"x":0.001153832650743425,"y":0.9957737326622009,"z":0.012517837807536126,"w":-0.09097672998905182},"size":6.000117301940918,"orthographic":false}