{"cameraMode":{"drawMode":0,"name":"Shaded","section":"Shading Mode"},"sceneLighting":true,"audioPlay":false,"sceneViewState":{"showFog":true,"showMaterialUpdate":false,"showSkybox":true,"showFlares":true,"showImageEffects":true,"showParticleSystems":true},"in2DMode":false,"pivot":{"x":-43.16072463989258,"y":4.540231704711914,"z":-24.942394256591798},"rotation":{"x":-0.004837817512452602,"y":-0.9947459697723389,"z":0.05593298003077507,"w":-0.08560749888420105},"size":5.080100059509277,"orthographic":false}