{"cameraMode":{"drawMode":0,"name":"Shaded","section":"Shading Mode"},"sceneLighting":true,"audioPlay":false,"sceneViewState":{"showFog":true,"showMaterialUpdate":false,"showSkybox":true,"showFlares":true,"showImageEffects":true,"showParticleSystems":true},"in2DMode":false,"pivot":{"x":-3.6177141666412355,"y":1.1484267711639405,"z":-17.576496124267579},"rotation":{"x":0.030542807653546335,"y":0.7251331210136414,"z":-0.032215651124715808,"w":0.6871762871742249},"size":5.482903957366943,"orthographic":false}