{"cameraMode":{"drawMode":0,"name":"Shaded","section":"Shading Mode"},"sceneLighting":false,"audioPlay":false,"sceneViewState":{"showFog":true,"showMaterialUpdate":false,"showSkybox":true,"showFlares":true,"showImageEffects":true,"showParticleSystems":true},"in2DMode":false,"pivot":{"x":-29.56999969482422,"y":1.0700000524520875,"z":-7.078000068664551},"rotation":{"x":0.0021974050905555488,"y":0.9974431395530701,"z":-0.06232600659132004,"w":0.03489810973405838},"size":3.4472761154174806,"orthographic":false}