{"cameraMode":{"drawMode":0,"name":"Shaded","section":"Shading Mode"},"sceneLighting":false,"audioPlay":false,"sceneViewState":{"showFog":true,"showMaterialUpdate":false,"showSkybox":true,"showFlares":true,"showImageEffects":true,"showParticleSystems":true},"in2DMode":false,"pivot":{"x":-0.5444557666778565,"y":1.9798333644866944,"z":0.6985318064689636},"rotation":{"x":0.13014253973960877,"y":0.6604106426239014,"z":-0.11771994084119797,"w":0.7301114797592163},"size":1.4289418458938599,"orthographic":false}