{"cameraMode":{"drawMode":0,"name":"Shaded","section":"Shading Mode"},"sceneLighting":false,"audioPlay":false,"sceneViewState":{"showFog":true,"showMaterialUpdate":false,"showSkybox":true,"showFlares":true,"showImageEffects":true,"showParticleSystems":true},"in2DMode":false,"pivot":{"x":1.9957189559936524,"y":0.9854931831359863,"z":-22.427059173583986},"rotation":{"x":-0.016726847738027574,"y":0.9827641844749451,"z":-0.14492067694664002,"w":-0.11354676634073258},"size":3.5472638607025148,"orthographic":false}