{"cameraMode":{"drawMode":0,"name":"Shaded","section":"Shading Mode"},"sceneLighting":false,"audioPlay":false,"sceneViewState":{"showFog":true,"showMaterialUpdate":false,"showSkybox":true,"showFlares":true,"showImageEffects":true,"showParticleSystems":true},"in2DMode":false,"pivot":{"x":-0.016203487291932107,"y":0.042336463928222659,"z":-0.15770316123962403},"rotation":{"x":0.003273657290264964,"y":0.8022812604904175,"z":-0.5969213843345642,"w":0.004359151236712933},"size":2.8578836917877199,"orthographic":false}