{"cameraMode":{"drawMode":0,"name":"Shaded","section":"Shading Mode"},"sceneLighting":false,"audioPlay":false,"sceneViewState":{"showFog":true,"showMaterialUpdate":false,"showSkybox":true,"showFlares":true,"showImageEffects":true,"showParticleSystems":true},"in2DMode":false,"pivot":{"x":3.4555013179779054,"y":0.7820581197738648,"z":6.7466630935668949},"rotation":{"x":0.018834874033927919,"y":0.9784360527992249,"z":0.1036796048283577,"w":-0.17764796316623689},"size":6.684343338012695,"orthographic":false}