{"cameraMode":{"drawMode":0,"name":"Shaded","section":"Shading Mode"},"sceneLighting":true,"audioPlay":false,"sceneViewState":{"showFog":true,"showMaterialUpdate":false,"showSkybox":true,"showFlares":true,"showImageEffects":true,"showParticleSystems":true},"in2DMode":false,"pivot":{"x":-9.837637901306153,"y":2.6841161251068117,"z":-7.0395660400390629},"rotation":{"x":-0.0004549513978417963,"y":0.9915004372596741,"z":-0.0036349808797240259,"w":-0.13005203008651734},"size":2.2381680011749269,"orthographic":false}