{"cameraMode":{"drawMode":0,"name":"Shaded","section":"Shading Mode"},"sceneLighting":true,"audioPlay":false,"sceneViewState":{"showFog":true,"showMaterialUpdate":false,"showSkybox":true,"showFlares":true,"showImageEffects":true,"showParticleSystems":true},"in2DMode":false,"pivot":{"x":29.455116271972658,"y":1.500124216079712,"z":-22.768693923950197},"rotation":{"x":0.015814131125807763,"y":-0.6818135976791382,"z":0.014742727391421795,"w":0.731206476688385},"size":3.77702260017395,"orthographic":false}