{"cameraMode":{"drawMode":0,"name":"Shaded","section":"Shading Mode"},"sceneLighting":false,"audioPlay":false,"sceneViewState":{"showFog":true,"showMaterialUpdate":false,"showSkybox":true,"showFlares":true,"showImageEffects":true,"showParticleSystems":true},"in2DMode":false,"pivot":{"x":1.251124382019043,"y":0.41538071632385256,"z":-23.964405059814454},"rotation":{"x":-0.04421379044651985,"y":0.9549068212509155,"z":-0.1854201704263687,"w":-0.2276347279548645},"size":3.5472638607025148,"orthographic":false}